system_date,order_type,food_name,qty,gross_price,discount_rate,total_discount_price,total_price
2025-01-01,delivery,Veggie Roll,3,1568.42,0.0,206.74,1361.68
2025-01-01,takeaway,Deluxe Pizza 19,4,393.44,0.2,64.81,328.63
2025-01-01,takeaway,Sweet Chicken 19,2,10601.82,0.0,1016.21,9585.61
2025-01-01,takeaway,Veggie Roll 9,1,1540.33,0.25,217.19,1235.51
2025-01-02,table,Spicy Chicken 19,3,2264.26,0.25,1006.74,1257.52
2025-01-02,table,Herb Dessert 19,1,4218.34,0.25,1331.86,2540.01
2025-01-03,table,Spicy Burger,5,3479.59,0.0,675.75,2803.84
2025-01-03,delivery,Herb Drink 9,3,2166.1,0.25,885.74,1280.36
2025-01-03,table,Spicy Burger,2,532.67,0.25,116.84,415.83
2025-01-03,takeaway,Crispy Pasta 12,4,4354.15,0.25,539.79,3814.36
2025-01-03,delivery,Herb Drink 9,3,2377.13,0.0,786.53,1590.6
2025-01-04,delivery,Veggie Roll,1,190.21,0.0,25.25,164.96
2025-01-04,takeaway,Crispy Pasta 12,3,391.62,0.0,46.01,345.61
2025-01-04,table,Veggie Roll,1,2594.56,0.0,614.32,1513.97
2025-01-04,delivery,Crispy Drink,3,2572.84,0.5,2029.98,542.86
2025-01-04,table,Crispy Dessert 9,1,2311.96,0.3,549.33,1520.99
2025-01-04,delivery,Spicy Burger,3,70.98,0.25,35.43,35.55
2025-01-06,takeaway,Deluxe Dessert 19,1,1881.64,0.0,336.23,1570.18
2025-01-06,table,Deluxe Pizza,1,363.83,0.2,59.9,265.41
2025-01-06,table,Herb Pasta 9,3,1278.62,0.2,322.65,955.97
2025-01-06,takeaway,Classic Pasta 22,1,1277.03,0.0,300.63,1204.58
2025-01-06,table,Deluxe Pasta 12,5,4208.41,0.0,1906.46,2301.95
2025-01-06,table,Crispy Drink,4,1730.56,0.25,286.3,1444.26
2025-01-07,delivery,Veggie Roll,2,7673.11,0.0,2721.41,4951.7
2025-01-07,delivery,Veggie Burger,2,1476.38,0.2,121.2,1355.18
2025-01-07,table,Crispy Sandwich 12,2,475.75,0.0,26.21,449.54
2025-01-07,table,Spicy Burger 12,4,3863.19,0.0,349.33,3513.86
2025-01-08,delivery,Veggie Roll,3,1232.7,0.0,408.94,823.76
2025-01-08,takeaway,Veggie Burger,3,3111.56,0.5,1472.05,1639.51
2025-01-08,takeaway,Zesty Burger 22,1,1891.33,0.25,483.16,989.79
2025-01-08,table,Spicy Chicken 19,3,1195.28,0.25,574.12,621.16
2025-01-08,takeaway,Deluxe Pizza,4,3608.78,0.0,241.22,3367.56
2025-01-10,delivery,Spicy Chicken 9,2,984.1,0.0,154.56,829.54
2025-01-10,table,Veggie Dessert 12,2,6160.55,0.0,1723.1,4437.45
2025-01-10,table,Herb Dessert 19,2,3699.72,0.2,993.61,2706.11
2025-01-10,delivery,Classic Chicken,4,1982.72,0.0,924.36,1058.36
2025-01-10,delivery,Spicy Chicken 19,4,8234.2,0.25,1797.76,6436.44
2025-01-11,delivery,Sweet Chicken 12,1,458.53,0.2,132.58,275.49
2025-01-11,takeaway,Spicy Chicken 19,2,6032.25,0.0,271.54,5760.71
2025-01-11,delivery,Herb Drink 9,1,688.64,0.0,42.55,633.11
2025-01-12,table,Spicy Drink,1,5075.82,0.25,1358.67,3014.29
2025-01-12,table,Zesty Roll,2,1775.81,0.0,459.86,1315.95
2025-01-12,takeaway,Spicy Chicken 19,2,1468.09,0.25,659.45,808.64
2025-01-13,table,Zesty Pizza,2,3377.7,0.0,1309.42,2068.28
2025-01-13,table,Herb Drink 9,5,2851.88,0.0,875.39,1976.49
2025-01-13,delivery,Crispy Drink,2,3296.59,0.0,1151.61,2144.98
2025-01-13,table,Deluxe Pizza,3,996.85,0.0,15.13,981.72
2025-01-13,table,Veggie Drink 12,5,1090.05,0.25,507.57,582.48
2025-01-13,delivery,Herb Drink 9,5,5922.7,0.0,1704.41,4218.29
2025-01-14,delivery,Sweet Chicken 19,3,505.68,0.2,80.95,424.73
2025-01-14,table,Deluxe Pizza 19,2,7734.27,0.0,2608.23,5126.04
2025-01-14,delivery,Sweet Burger 12,1,5641.06,0.0,3137.11,2875.06
2025-01-14,takeaway,Spicy Burger,3,2749.06,0.0,646.33,2102.73
2025-01-14,table,Veggie Roll,1,5296.74,0.0,1983.39,3232.73
2025-01-14,takeaway,Deluxe Pizza 19,3,2814.79,0.2,672.8,2141.99
2025-01-14,table,Spicy Drink 22,2,3907.6,0.5,1206.24,2701.36
2025-01-14,delivery,Veggie Roll,2,212.38,0.0,21.66,190.72
2025-01-14,table,Deluxe Pizza,1,3633.34,0.25,611.55,3021.79
2025-01-15,takeaway,Veggie Roll,1,2274.01,0.25,291.62,2224.78
2025-01-15,table,Crispy Drink,1,2440.66,0.25,703.23,1345.46
2025-01-15,table,Sweet Chicken 12,3,5465.98,0.0,309.66,5156.32
2025-01-15,takeaway,Deluxe Pizza,1,8920.25,0.0,950.3,8223.32
2025-01-15,table,Sweet Chicken 19,1,960.63,0.0,670.84,363.0
2025-01-16,delivery,Zesty Pizza,4,2710.75,0.0,675.43,2035.32
2025-01-16,delivery,Classic Drink,1,4684.65,0.0,1335.1,4114.94
2025-01-16,table,Crispy Pasta 12,5,343.73,0.25,180.55,163.18
2025-01-16,delivery,Zesty Roll,1,2765.31,0.0,573.59,2732.53
2025-01-16,table,Spicy Burger 12,1,1970.09,0.0,135.21,1834.88
2025-01-17,takeaway,Deluxe Dessert 19,2,3745.4,0.0,1598.55,2146.85
2025-01-18,takeaway,Classic Pasta 19,1,775.5,0.0,191.69,648.79
2025-01-18,table,Herb Burger,1,3854.68,0.5,1328.72,2095.91
2025-01-18,takeaway,Classic Pasta 19,3,1116.54,0.25,208.0,908.54
2025-01-18,table,Spicy Pizza,4,3057.42,0.0,1950.32,1107.1
2025-01-19,delivery,Veggie Pasta 19,1,2704.01,0.0,938.83,1859.24
2025-01-19,delivery,Veggie Burger,2,1569.91,0.25,174.2,1395.71
2025-01-19,takeaway,Sweet Burger 22,3,2011.51,0.0,171.88,1839.63
2025-01-19,table,Herb Sandwich 9,3,1717.47,0.25,918.63,798.84
2025-01-19,delivery,Deluxe Roll,5,2518.17,0.5,1054.01,1464.16
2025-01-20,takeaway,Sweet Chicken 12,1,2484.65,0.2,313.8,2170.85
2025-01-20,delivery,Deluxe Pasta 12,1,5748.93,0.0,2498.64,3425.21
2025-01-20,delivery,Spicy Burger,4,3219.38,0.5,1815.45,1403.93
2025-01-20,delivery,Herb Burger,1,3058.85,0.5,1054.36,1728.97
2025-01-20,table,Herb Burger 12,2,3412.05,0.0,473.21,2938.84
2025-01-20,table,Zesty Pizza,4,1895.65,0.2,105.98,1789.67
2025-01-21,delivery,Herb Burger 12,5,2730.0,0.0,2563.77,166.23
2025-01-21,delivery,Spicy Chicken 19,2,1884.36,0.2,170.97,1713.39
2025-01-22,delivery,Crispy Pasta 22,2,609.81,0.0,242.58,367.23
2025-01-22,delivery,Veggie Drink 12,4,1315.74,0.0,489.4,826.34
2025-01-22,table,Deluxe Pasta 12,3,594.31,0.0,182.75,411.56
2025-01-22,delivery,Veggie Burger,3,2663.18,0.0,854.0,1809.18
2025-01-23,delivery,Veggie Drink 12,5,4305.21,0.0,1471.19,2834.02
2025-01-23,delivery,Classic Chicken 19,3,1441.42,0.15,214.7,1226.72
2025-01-24,table,Spicy Burger 9,2,2336.32,0.0,351.63,1984.69
2025-01-25,takeaway,Veggie Dessert 9,5,140.07,0.25,91.84,48.23
2025-01-25,table,Zesty Burger,1,2114.63,0.2,229.97,2027.2
2025-01-25,delivery,Sweet Chicken 19,1,1506.71,0.25,206.37,1089.75
2025-01-25,takeaway,Crispy Pasta 12,1,1714.06,0.0,813.22,732.46
2025-01-25,table,Spicy Drink,5,1594.95,0.25,352.38,1242.57
2025-01-26,table,Veggie Burger,1,893.73,0.25,205.49,709.19
2025-01-26,takeaway,Veggie Dessert 9,2,419.27,0.25,146.24,273.03
2025-01-27,table,Spicy Burger 12,1,2586.51,0.0,1689.56,753.39
2025-01-27,delivery,Crispy Drink,1,2865.39,0.0,609.96,2015.17
2025-01-27,delivery,Spicy Burger 19,4,2423.71,0.2,764.24,1659.47
2025-01-27,delivery,Herb Burger,1,364.14,0.0,123.11,286.69
2025-01-27,delivery,Veggie Roll,4,3138.19,0.25,372.38,2765.81
2025-01-28,table,Spicy Burger,2,3932.36,0.5,1829.53,2102.83
2025-01-28,table,Classic Chicken,5,13642.1,0.0,2743.53,10898.57
2025-01-28,delivery,Spicy Sandwich 19,12,187395.26,0.0,133417.59,53977.67
2025-01-28,delivery,Crispy Dessert 9,3,1352.46,0.0,576.88,775.58
2025-01-28,delivery,Item50,4,81.79,0.2,9.06,72.73
2025-01-28,table,Spicy Roll 9,3,3603.03,0.0,1878.63,1724.4
2025-01-28,table,Classic Chicken,3,542.14,0.0,166.44,375.7
2025-02-01,delivery,Veggie Dessert 9,1,2802.19,0.25,549.43,1961.94
2025-02-01,table,Herb Burger 12,2,638.44,0.0,113.5,524.94
2025-02-01,takeaway,Herb Burger,3,2797.76,0.0,1181.21,1616.55
2025-02-01,delivery,Deluxe Pizza 19,2,8861.08,0.0,711.1,8149.98
2025-02-02,takeaway,Crispy Burger 22,1,679.62,0.0,315.39,409.16
2025-02-02,table,Sweet Chicken 19,1,339.62,0.25,129.57,225.39
2025-02-03,delivery,Herb Burger,4,10213.21,0.0,1044.46,9168.75
2025-02-03,table,Veggie Roll,5,997.94,0.25,289.17,708.77
2025-02-03,delivery,Veggie Burger,4,3994.17,0.0,248.16,3746.01
2025-02-03,delivery,Veggie Burger,1,2109.26,0.0,597.67,1911.53
2025-02-03,table,Herb Drink 9,1,3019.2,0.0,422.09,2638.23
2025-02-03,takeaway,Deluxe Pizza 19,1,1384.29,0.25,367.02,1160.64
2025-02-04,delivery,Zesty Pasta 9,1,2658.86,0.0,566.39,2264.38
2025-02-04,table,Herb Burger 12,2,2011.42,0.5,928.9,1082.52
2025-02-04,table,Herb Drink 9,1,1088.98,0.0,141.2,1033.99
2025-02-04,table,Herb Burger,1,1054.26,0.0,410.92,721.7
2025-02-04,delivery,Crispy Pasta 22,6,870.24,0.25,222.26,647.98
2025-02-04,takeaway,Herb Drink 9,2,327.22,0.0,54.93,272.29
2025-02-04,takeaway,Item50,5,3845.4,0.0,738.81,3106.59
2025-02-04,table,Spicy Burger 12,2,3003.06,0.25,424.82,2578.24
2025-02-05,delivery,Deluxe Pizza 19,1,2167.9,0.25,889.61,1338.01
2025-02-05,takeaway,Herb Burger 12,1,2704.44,0.0,418.17,2095.2
2025-02-05,takeaway,Crispy Pasta 12,4,5818.19,0.25,1187.52,4630.67
2025-02-05,table,Sweet Chicken 12,1,1547.28,0.5,1502.66,48.78
2025-02-05,delivery,Deluxe Pizza,4,2088.81,0.0,255.87,1832.94
2025-02-06,table,Veggie Drink 12,3,2703.44,0.0,5.5,2697.94
2025-02-06,takeaway,Deluxe Pasta 12,3,2464.13,0.0,52.74,2411.39
2025-02-06,delivery,Crispy Pasta 12,3,2203.15,0.2,175.63,2027.52
2025-02-06,takeaway,Deluxe Pasta 12,3,3411.78,0.0,684.3,2727.48
2025-02-06,table,Deluxe Pizza 19,1,3742.41,0.0,1773.94,1523.03
2025-02-07,table,Sweet Burger 12,1,2655.6,0.25,446.46,2209.14
2025-02-07,delivery,Herb Burger,2,1568.4,0.2,270.68,1297.72
2025-02-07,table,Crispy Pasta 12,1,1750.86,0.0,292.26,1228.05
2025-02-07,table,Sweet Pasta 19,2,2933.95,0.0,495.92,2438.03
2025-02-08,takeaway,Spicy Chicken 19,3,4738.21,0.0,950.05,3788.16
2025-02-08,delivery,Herb Burger 12,2,3679.83,0.0,581.76,3098.07
2025-02-08,takeaway,Herb Drink 9,1,4595.33,0.25,1007.69,2858.07
2025-02-09,takeaway,Veggie Burger,1,3773.7,0.0,1286.99,2768.75
2025-02-09,delivery,Spicy Sandwich 19,1,2597.92,0.0,143.0,2454.92
2025-02-09,table,Spicy Chicken 19,3,2898.27,0.0,811.92,2086.35
2025-02-09,table,Spicy Drink,1,473.27,0.3,332.85,98.98
2025-02-10,takeaway,Crispy Pasta 12,1,2106.68,0.0,632.04,1128.99
2025-02-10,delivery,Crispy Drink,3,2514.96,0.2,679.53,1835.43
2025-02-10,takeaway,Veggie Pasta 19,1,2304.41,0.0,784.13,1363.49
2025-02-10,takeaway,Crispy Drink,3,4605.55,0.0,1455.44,3150.11
2025-02-11,table,Herb Burger,3,2640.43,0.0,471.55,2168.88
2025-02-11,delivery,Classic Chicken,4,2601.03,0.5,857.47,1743.56
2025-02-11,delivery,Spicy Dessert 12,1,1554.0,0.25,263.16,1538.36
2025-02-12,takeaway,Herb Drink 9,2,2495.46,0.5,1855.79,639.67
2025-02-13,delivery,Deluxe Pizza,1,3547.82,0.0,1178.03,2983.36
2025-02-14,delivery,Veggie Burger,1,4632.31,0.0,509.98,4122.33
2025-02-14,delivery,Zesty Chicken 22,2,23110.75,0.0,1812.5,21298.25
2025-02-14,table,Crispy Pasta 12,3,1381.24,0.25,432.76,948.48
2025-02-14,table,Deluxe Pasta 12,4,4092.16,0.0,1260.1,2832.06
2025-02-14,delivery,Herb Burger,1,2870.25,0.0,522.14,2734.48
2025-02-14,delivery,Spicy Dessert 12,3,2187.63,0.5,745.43,1442.2
2025-02-15,table,Veggie Drink 19,4,1482.24,0.25,713.25,768.99
2025-02-15,takeaway,Deluxe Dessert 19,1,256.32,0.0,91.52,199.29
2025-02-15,takeaway,Crispy Dessert 9,1,964.32,0.0,457.76,432.85
2025-02-15,delivery,Classic Pasta 22,3,1066.11,0.25,238.91,827.2
2025-02-16,delivery,Deluxe Pizza,1,1516.85,0.15,405.25,1402.2
2025-02-16,table,Zesty Pasta 9,4,2259.17,0.5,2209.67,49.5
2025-02-16,table,Sweet Burger 22,1,2384.49,0.5,1187.09,914.0
2025-02-16,delivery,Spicy Chicken 19,1,1800.31,0.25,474.95,1466.11
2025-02-17,takeaway,Deluxe Pizza,2,752.44,0.0,316.26,436.18
2025-02-17,table,Deluxe Pizza 19,5,551.06,0.0,111.68,439.38
2025-02-17,table,Item50,2,1844.58,0.25,259.03,1585.55
2025-02-17,takeaway,Deluxe Pizza 19,1,2309.99,0.0,673.27,1995.08
2025-02-17,table,Deluxe Dessert 22,2,1681.34,0.0,401.04,1280.3
2025-02-17,takeaway,Crispy Pasta 12,2,3079.78,0.2,472.36,2607.42
2025-02-17,delivery,Herb Drink 9,3,432.74,0.0,95.48,337.26
2025-02-17,delivery,Veggie Dessert 12,2,2746.97,0.5,1714.25,1032.72
2025-02-17,table,Crispy Pasta 12,1,2073.5,0.0,746.47,1604.04
2025-02-17,delivery,Deluxe Pizza,4,1962.56,0.25,989.37,973.19
2025-02-17,table,Spicy Sandwich 19,1,374.21,0.0,35.51,314.31
2025-02-17,takeaway,Spicy Burger,1,2891.77,0.3,717.16,2683.54
2025-02-17,table,Spicy Dessert,3,713.66,0.25,129.6,584.06
2025-02-17,table,Deluxe Dessert 22,2,8034.12,0.0,3402.11,4632.01
2025-02-18,table,Classic Burger,3,3763.71,0.25,562.16,3201.55
2025-02-18,table,Veggie Drink 12,4,5498.98,0.5,2118.0,3380.98
2025-02-19,delivery,Crispy Pasta 12,1,3036.99,0.25,646.67,1682.63
2025-02-19,takeaway,Deluxe Chicken,1,7463.85,0.0,1335.26,7449.02
2025-02-19,delivery,Sweet Chicken 19,3,3275.15,0.0,1034.03,2241.12
2025-02-19,delivery,Sweet Chicken 12,1,1666.85,0.25,279.63,1265.53
2025-02-19,delivery,Classic Pasta,3,1622.33,0.25,164.16,1458.17
2025-02-20,table,Spicy Dessert 12,1,4170.49,0.0,384.1,2999.27
2025-02-20,table,Herb Dessert 19,2,3595.28,0.0,1066.21,2529.07
2025-02-20,table,Sweet Burger 12,4,255.65,0.0,146.05,109.6
2025-02-20,table,Classic Pasta 22,1,1933.94,0.2,443.17,1069.23
2025-02-20,delivery,Sweet Chicken 19,3,2385.98,0.0,200.02,2185.96
2025-02-20,delivery,Herb Sandwich 9,5,2324.54,0.3,721.34,1603.2
2025-02-20,takeaway,Sweet Pasta 19,3,1034.12,0.2,164.96,869.16
2025-02-20,delivery,Spicy Burger 19,3,323.21,0.0,52.06,271.15
2025-02-21,takeaway,Deluxe Dessert 19,2,7781.1,0.0,1424.39,6356.71
2025-02-21,delivery,Veggie Dessert 12,3,4901.92,0.0,3076.43,1825.49
2025-02-22,delivery,Veggie Dessert 9,1,624.89,0.2,99.74,448.0
2025-02-23,takeaway,Veggie Roll,1,2158.74,0.3,1661.41,419.05
2025-02-23,takeaway,Classic Pasta 22,1,2605.14,0.0,551.78,1445.69
2025-02-23,delivery,Crispy Drink,1,270.53,0.2,26.85,178.72
2025-02-23,delivery,Item50,4,1908.68,0.25,519.36,1389.32
2025-02-24,table,Crispy Pasta 12,1,2602.68,0.25,329.94,1835.06
2025-02-24,table,Herb Burger 12,3,2120.89,0.0,816.37,1304.52
2025-02-24,takeaway,Zesty Pasta 9,2,291.42,0.2,100.17,191.25
2025-02-24,delivery,Spicy Burger,2,4343.57,0.0,1602.75,2740.82
2025-02-25,table,Herb Drink 9,1,2528.65,0.25,254.87,2421.48
2025-02-26,delivery,Crispy Dessert 9,4,1624.64,0.0,320.97,1303.67
2025-02-26,table,Sweet Chicken 19,2,3743.59,0.0,2198.15,1545.44
2025-02-26,table,Spicy Chicken 19,3,3084.74,0.25,713.12,2371.62
2025-02-26,table,Veggie Drink 12,1,5492.09,0.25,1248.97,3725.37
2025-02-27,takeaway,Veggie Pizza 12,1,2534.89,0.0,232.42,2303.39
2025-03-01,table,Sweet Chicken 12,1,3859.48,0.5,1052.62,2955.14
2025-03-01,table,Veggie Drink 9,2,1694.61,0.0,1005.01,689.6
2025-03-01,table,Crispy Pasta 12,1,830.27,0.2,145.67,610.81
2025-03-01,table,Veggie Roll 9,2,2060.07,0.0,660.15,1399.92
2025-03-01,takeaway,Crispy Burger 22,3,1382.94,0.2,246.25,1136.69
2025-03-01,takeaway,Deluxe Roll,3,501.07,0.2,46.42,454.65
2025-03-01,delivery,Herb Sandwich 9,2,4043.85,0.0,508.33,3535.52
2025-03-02,table,Veggie Roll,1,1506.0,0.0,529.48,1105.78
2025-03-02,delivery,Sweet Chicken 19,3,3826.74,0.5,1372.11,2454.63
2025-03-02,delivery,Sweet Chicken,3,452.33,0.2,225.82,226.51
2025-03-02,delivery,Herb Chicken 22,1,650.89,0.25,157.41,475.94
2025-03-02,table,Sweet Pasta,2,1880.8,0.0,857.19,1023.61
2025-03-02,takeaway,Classic Chicken,3,4614.35,0.0,946.38,3667.97
2025-03-02,table,Zesty Pasta 9,4,2454.83,0.0,744.35,1710.48
2025-03-02,takeaway,Spicy Burger,2,1351.66,0.25,840.58,511.08
2025-03-03,table,Sweet Roll 9,4,461.02,0.2,37.09,423.93
2025-03-03,delivery,Sweet Burger 12,24,21248.5,0.0,17387.89,3860.61
2025-03-03,takeaway,Veggie Dessert 9,1,2576.89,0.5,1660.56,868.09
2025-03-03,delivery,Sweet Pasta 19,3,1780.13,0.0,1082.16,697.97
2025-03-04,table,Veggie Drink 12,3,4549.34,0.0,1288.46,3260.88
2025-03-04,delivery,Crispy Pasta 12,3,2057.21,0.0,73.82,1983.39
2025-03-04,takeaway,Spicy Burger,3,642.14,0.25,228.82,413.32
2025-03-04,takeaway,Crispy Pasta 12,4,3210.58,0.2,303.45,2907.13
2025-03-04,table,Classic Drink,5,1200.14,0.0,892.48,307.66
2025-03-04,table,Spicy Chicken 19,1,4663.16,0.0,682.36,3738.58
2025-03-05,delivery,Spicy Sandwich 19,6,363.99,0.25,55.62,308.37
2025-03-05,table,Spicy Sandwich 19,4,2482.8,0.0,755.77,1727.03
2025-03-05,table,Sweet Pasta 19,2,1453.16,0.0,442.64,1010.52
2025-03-05,takeaway,Spicy Drink 22,3,1622.01,0.0,579.78,1042.23
2025-03-06,takeaway,Spicy Dessert,1,1519.57,0.25,394.4,1388.83
2025-03-06,delivery,Classic Chicken,6,5027.34,0.0,1098.31,3929.03
2025-03-06,takeaway,Sweet Burger 12,4,1675.21,0.2,171.13,1504.08
2025-03-07,delivery,Spicy Chicken 19,1,1473.08,0.0,438.58,1123.15
2025-03-07,takeaway,Spicy Sandwich 19,4,374.18,0.2,116.94,257.24
2025-03-08,takeaway,Crispy Dessert 9,1,330.71,0.25,95.58,182.01
2025-03-08,takeaway,Sweet Chicken 19,2,1555.41,0.2,434.25,1121.16
2025-03-08,takeaway,Crispy Dessert 9,3,2319.11,0.0,474.56,1844.55
2025-03-08,delivery,Spicy Roll,5,766.71,0.0,357.23,409.48
2025-03-09,delivery,Crispy Pasta 12,3,2705.85,0.0,796.33,1909.52
2025-03-10,takeaway,Sweet Roll 9,1,5604.45,0.25,654.5,3825.65
2025-03-10,delivery,Herb Dessert 19,3,3402.26,0.25,278.71,3123.55
2025-03-10,table,Veggie Roll,4,2173.29,0.0,354.36,1818.93
2025-03-11,takeaway,Veggie Roll,1,3079.83,0.0,740.77,2459.67
2025-03-11,takeaway,Deluxe Dessert 19,1,1477.34,0.0,385.69,928.91
2025-03-11,table,Sweet Burger 22,3,4072.94,0.0,1522.28,2550.66
2025-03-11,takeaway,Spicy Burger 22,1,369.33,0.25,80.13,344.7
2025-03-12,delivery,Sweet Burger 12,3,1801.83,0.0,134.54,1667.29
2025-03-12,table,Zesty Pasta 9,4,6157.65,0.0,959.03,5198.62
2025-03-12,delivery,Spicy Roll 9,1,2469.7,0.25,903.5,1562.08
2025-03-12,delivery,Sweet Chicken 19,2,3388.61,0.25,470.08,2918.53
2025-03-13,delivery,Herb Drink 9,4,322.52,0.2,121.01,201.51
2025-03-13,table,Herb Chicken 12,2,4184.7,0.0,1580.61,2604.09
2025-03-14,table,Spicy Chicken 19,3,2526.08,0.25,480.68,2045.4
2025-03-14,table,Spicy Dessert 12,3,2523.27,0.0,356.28,2166.99
2025-03-14,delivery,Spicy Chicken 19,4,9605.54,0.0,1251.39,8354.15
2025-03-14,delivery,Veggie Roll,3,2149.49,0.25,382.9,1766.59
2025-03-16,table,Spicy Burger 19,3,4993.56,0.0,1323.15,3670.41
2025-03-16,delivery,Crispy Burger 22,3,901.86,0.0,624.05,277.81
2025-03-16,table,Deluxe Pizza,3,4422.1,0.0,778.57,3643.53
2025-03-18,delivery,Crispy Burger,2,1242.52,0.3,709.81,532.71
2025-03-18,table,Item724,4,7281.64,0.0,1605.33,5676.31
2025-03-18,delivery,Herb Pizza 9,1,11914.42,0.0,1184.44,10684.58
2025-03-19,table,Deluxe Pizza,2,4936.9,0.0,2308.29,2628.61
2025-03-19,table,Crispy Drink,6,994.2,0.0,191.78,802.42
2025-03-19,table,Veggie Dessert 9,4,1469.97,0.0,119.52,1350.45
2025-03-19,table,Crispy Pasta 12,3,1634.46,0.2,855.23,779.23
2025-03-19,delivery,Sweet Chicken 19,2,2769.21,0.25,397.9,2371.31
2025-03-20,table,Herb Burger,2,5037.37,0.0,698.08,4339.29
2025-03-20,table,Spicy Burger,6,953.53,0.0,283.52,670.01
2025-03-20,delivery,Herb Pizza 9,1,4608.82,0.0,462.99,3864.36
2025-03-20,takeaway,Item50,1,3439.18,0.0,946.79,1925.13
2025-03-20,delivery,Veggie Roll,4,4571.88,0.0,808.16,3763.72
2025-03-20,delivery,Veggie Burger,3,1658.35,0.2,441.95,1216.4
2025-03-21,takeaway,Spicy Burger 19,3,1806.17,0.2,207.41,1598.76
2025-03-21,table,Sweet Burger 22,4,1286.17,0.0,360.48,925.69
2025-03-21,delivery,Sweet Burger 12,1,1068.03,0.0,139.14,727.72
2025-03-21,delivery,Spicy Burger 19,2,2299.06,0.0,222.28,2076.78
2025-03-21,delivery,Zesty Burger,1,1572.1,0.0,699.06,776.28
2025-03-21,delivery,Sweet Pasta 19,3,412.85,0.2,105.04,307.81
2025-03-22,table,Herb Burger 12,2,2117.62,0.5,1612.89,504.73
2025-03-23,takeaway,Spicy Burger 9,1,374.61,0.2,132.75,220.81
2025-03-23,table,Sweet Chicken 19,1,2822.4,0.2,272.82,2549.23
2025-03-23,delivery,Herb Pasta 9,3,2819.54,0.0,525.87,2293.67
2025-03-23,takeaway,Crispy Drink,1,992.04,0.25,531.37,495.73
2025-03-23,table,Crispy Drink,2,191.12,0.0,52.65,138.47
2025-03-24,delivery,Item50,1,2432.81,0.5,508.74,2343.05
2025-03-24,takeaway,Crispy Dessert 9,1,3797.8,0.2,1045.47,2201.37
2025-03-25,delivery,Zesty Pasta 9,2,4080.66,0.25,538.32,3542.34
2025-03-25,delivery,Veggie Drink 9,3,1421.07,0.25,279.6,1141.47
2025-03-25,table,Herb Drink 9,2,2317.38,0.2,744.75,1572.63
2025-03-25,table,Spicy Roll 12,1,2994.01,0.2,459.6,2566.87
2025-03-25,delivery,Sweet Chicken,2,2653.87,0.25,738.81,1915.06
2025-03-25,table,Deluxe Dessert 19,2,227.36,0.0,74.06,153.3
2025-03-25,delivery,Deluxe Dessert 19,5,5104.89,0.0,1858.1,3246.79
2025-03-26,takeaway,Classic Drink,4,1526.38,0.0,697.89,828.49
2025-03-26,takeaway,Zesty Burger,4,3226.08,0.2,477.65,2748.43
2025-03-27,takeaway,Veggie Drink 12,4,3477.47,0.5,844.07,2633.4
2025-03-27,table,Crispy Pasta 12,3,2064.58,0.0,873.81,1190.77
2025-03-28,delivery,Crispy Burger,3,1147.46,0.0,162.2,985.26
2025-03-28,takeaway,Veggie Drink 19,1,3052.04,0.0,531.39,2324.53
2025-04-01,takeaway,Sweet Roll 9,4,213.53,0.25,31.94,181.59
2025-04-01,table,Sweet Chicken 19,2,2546.72,0.0,244.27,2302.45
2025-04-01,delivery,Spicy Burger 22,6,2471.59,0.0,602.19,1869.4
2025-04-01,table,Veggie Roll,1,1732.38,0.25,579.79,1195.79
2025-04-01,takeaway,Veggie Roll,1,1413.4,0.2,246.17,982.71
2025-04-02,delivery,Deluxe Dessert 12,2,2401.96,0.0,585.61,1816.35
2025-04-02,table,Classic Pasta 22,3,3706.58,0.0,1465.18,2241.4
2025-04-02,table,Veggie Drink 12,4,1541.28,0.0,204.23,1337.05
2025-04-02,takeaway,Item50,3,2176.64,0.0,127.4,2049.24
2025-04-02,delivery,Crispy Burger,2,1393.64,0.2,270.29,1123.35
2025-04-02,takeaway,Spicy Burger,4,2900.04,0.0,483.2,2416.84
2025-04-03,delivery,Herb Burger,6,1965.48,0.0,408.2,1557.28
2025-04-03,delivery,Sweet Chicken 19,2,312.7,0.25,139.74,172.96
2025-04-03,table,Veggie Roll,5,2643.27,0.0,666.89,1976.38
2025-04-03,delivery,Spicy Burger,2,391.94,0.0,61.14,330.8
2025-04-03,takeaway,Sweet Chicken 19,2,2029.73,0.25,760.93,1268.8
2025-04-03,delivery,Spicy Burger 19,2,790.02,0.0,254.24,535.78
2025-04-03,delivery,Herb Sandwich 9,2,1413.33,0.0,112.7,1300.63
2025-04-04,table,Sweet Roll 9,2,1628.33,0.2,475.1,1153.23
2025-04-04,takeaway,Spicy Sandwich 19,5,225.92,0.0,10.06,215.86
2025-04-04,table,Veggie Drink 19,3,2471.77,0.0,289.04,2182.73
2025-04-04,delivery,Veggie Roll,1,1864.63,0.0,177.84,1629.9
2025-04-05,table,Spicy Chicken 19,5,4836.27,0.25,648.0,4188.27
2025-04-05,takeaway,Crispy Burger 22,4,2315.03,0.0,1190.76,1124.27
2025-04-05,takeaway,Crispy Pasta 12,1,1441.97,0.0,273.36,1168.61
2025-04-05,takeaway,Spicy Chicken 19,3,2731.89,0.0,403.76,2328.13
2025-04-05,table,Crispy Drink,1,253.8,0.0,64.68,183.58
2025-04-06,table,Classic Pasta,1,1222.83,0.2,309.2,830.01
2025-04-06,delivery,Spicy Burger 19,3,1508.23,0.3,344.8,1163.43
2025-04-06,delivery,Deluxe Pizza 19,1,1698.46,0.0,505.98,1368.64
2025-04-06,table,Herb Sandwich 9,1,1996.5,0.2,323.73,1598.42
2025-04-07,delivery,Item50,2,2269.48,0.25,271.92,1997.56
2025-04-07,table,Deluxe Pasta 12,4,6572.22,0.0,1284.36,5287.86
2025-04-07,table,Deluxe Pizza,3,2753.19,0.2,468.98,2284.21
2025-04-08,takeaway,Spicy Chicken 9,2,3905.89,0.5,1116.4,2789.49
2025-04-08,table,Herb Drink 9,1,1700.61,0.0,484.54,1456.04
2025-04-08,delivery,Herb Drink 9,3,2176.2,0.25,627.35,1548.85
2025-04-08,table,Crispy Pasta 12,2,6276.33,0.0,3530.32,2746.01
2025-04-08,takeaway,Classic Pasta 19,5,3113.88,0.0,1086.94,2026.94
2025-04-09,takeaway,Crispy Pasta 12,2,473.71,0.0,77.73,395.98
2025-04-10,takeaway,Spicy Burger 12,1,1528.97,0.0,276.96,1358.56
2025-04-10,delivery,Classic Pasta 22,1,3371.42,0.25,554.3,2708.43
2025-04-11,delivery,Veggie Sandwich,3,2852.39,0.5,2042.63,809.76
2025-04-11,takeaway,Veggie Drink 12,1,1273.76,0.25,192.09,764.95
2025-04-11,delivery,Veggie Drink 12,26,14482.72,0.0,5374.74,9107.98
2025-04-11,table,Spicy Pizza,3,909.59,0.25,432.09,477.5
2025-04-12,delivery,Spicy Burger,3,5640.77,0.0,584.68,5056.09
2025-04-12,takeaway,Deluxe Pizza,4,3161.35,0.25,504.48,2656.87
2025-04-12,takeaway,Sweet Chicken,5,2118.67,0.0,1199.4,919.27
2025-04-12,takeaway,Deluxe Pizza 19,1,3034.54,0.0,1120.56,1496.38
2025-04-13,table,Spicy Chicken 19,3,1077.3,0.25,335.32,741.98
2025-04-13,takeaway,Veggie Roll,3,683.27,0.2,101.19,582.08
2025-04-13,table,Crispy Pasta 12,3,1778.76,0.0,733.94,1044.82
2025-04-13,delivery,Item724,3,278.55,0.2,124.0,154.55
2025-04-14,table,Veggie Drink 19,3,476.92,0.0,99.06,377.86
2025-04-14,table,Spicy Burger,1,3530.02,0.25,563.73,2966.29
2025-04-14,takeaway,Zesty Burger,4,2633.34,0.3,867.96,1765.38
2025-04-14,delivery,Veggie Roll,2,2853.03,0.0,1630.67,1222.36
2025-04-14,delivery,Spicy Dessert 12,2,4717.76,0.5,2422.72,2295.04
2025-04-14,delivery,Classic Pasta 19,2,740.56,0.2,109.82,630.74
2025-04-14,delivery,Sweet Chicken 12,3,1699.43,0.3,765.42,934.01
2025-04-15,table,Crispy Pasta 12,2,2073.75,0.5,661.74,1412.01
2025-04-15,table,Deluxe Pizza,1,2994.26,0.0,734.36,1992.77
2025-04-15,delivery,Crispy Pasta 12,2,628.15,0.0,204.91,423.24
2025-04-16,table,Sweet Roll 9,1,4607.04,0.25,717.98,2821.23
2025-04-16,takeaway,Classic Burger,4,2098.37,0.0,888.9,1209.47
2025-04-16,table,Veggie Burger,6,1230.82,0.25,335.6,895.22
2025-04-16,delivery,Zesty Pasta 9,2,3111.49,0.2,319.98,2791.51
2025-04-17,table,Spicy Dessert 12,1,5614.08,0.0,2779.26,3635.8
2025-04-17,delivery,Spicy Sandwich 19,3,2610.79,0.0,536.55,2074.24
2025-04-17,delivery,Spicy Sandwich 19,1,4210.12,0.25,541.05,2895.19
2025-04-17,table,Herb Dessert 19,1,2063.26,0.5,1788.55,222.39
2025-04-18,takeaway,Sweet Pasta,1,3053.89,0.0,350.53,2703.36
2025-04-18,delivery,Spicy Burger,1,8289.55,0.0,2892.93,6841.11
2025-04-18,table,Crispy Chicken 22,1,1352.66,0.2,245.96,879.89
2025-04-18,delivery,Spicy Pizza,6,1735.04,0.2,910.93,824.11
2025-04-19,table,Spicy Roll 9,5,3832.12,0.5,1461.01,2371.11
2025-04-19,table,Zesty Pizza,2,3324.81,0.0,1477.84,1846.97
2025-04-19,delivery,Spicy Chicken 19,2,2401.72,0.0,1629.42,772.3
2025-04-19,takeaway,Zesty Burger 22,3,2106.82,0.0,561.15,1545.67
2025-04-20,delivery,Item50,8,3140.02,0.0,537.62,2602.4
2025-04-20,delivery,Spicy Sandwich 19,4,5432.59,0.0,325.7,5106.89
2025-04-20,takeaway,Zesty Burger 22,4,2682.69,0.0,659.41,2023.28
2025-04-20,takeaway,Sweet Chicken 19,5,1696.13,0.0,1214.96,481.17
2025-04-20,table,Herb Burger,1,1760.0,0.0,653.19,907.61
2025-04-21,delivery,Veggie Roll,2,509.38,0.0,37.15,472.23
2025-04-21,delivery,Herb Burger,5,516.12,0.0,12.67,503.45
2025-04-21,table,Veggie Roll,4,987.08,0.0,332.36,654.72
2025-04-21,takeaway,Herb Burger 12,2,2543.4,0.2,662.53,1880.87
2025-04-22,table,Item50,2,7566.98,0.0,1573.51,5993.47
2025-04-22,table,Herb Pizza 9,4,2613.91,0.2,594.14,2019.77
2025-04-22,delivery,Herb Dessert 19,1,1642.43,0.25,428.39,1171.36
2025-04-22,table,Veggie Roll,3,2416.21,0.5,1618.15,798.06
2025-04-23,delivery,Item50,2,701.12,0.0,223.41,477.71
2025-04-23,table,Spicy Burger 12,3,136.33,0.0,48.58,87.75
2025-04-23,table,Classic Chicken,1,3925.22,0.0,1041.6,2602.19
2025-04-23,takeaway,Spicy Burger,1,196.96,0.0,11.29,185.67
2025-04-23,table,Sweet Pasta 19,1,16868.74,0.0,163.12,16705.62
2025-04-24,table,Spicy Chicken 19,3,2645.02,0.0,706.75,1938.27
2025-04-24,table,Spicy Sandwich 19,2,2378.99,0.0,232.74,2146.25
2025-04-24,table,Spicy Roll,2,3381.53,0.2,771.63,2609.9
2025-04-24,delivery,Deluxe Pizza 19,2,3421.92,0.5,2063.16,1358.76
2025-04-25,takeaway,Spicy Chicken 19,1,1404.23,0.0,688.9,823.76
2025-04-25,takeaway,Herb Burger,3,938.43,0.25,544.02,394.41
2025-04-25,table,Classic Chicken,1,3407.9,0.25,689.98,3261.58
2025-04-25,table,Spicy Burger,3,4099.45,0.0,2828.72,1270.73
2025-04-25,delivery,Crispy Pasta 12,3,404.18,0.0,87.12,317.06
2025-04-26,table,Herb Burger,2,1677.21,0.0,501.88,1175.33
2025-04-27,table,Crispy Burger 22,2,2275.76,0.25,771.18,1504.58
2025-04-27,delivery,Herb Drink 9,5,1465.41,0.2,159.0,1306.41
2025-04-27,table,Herb Sandwich 9,3,1880.3,0.25,715.21,1165.09
2025-04-27,delivery,Veggie Dessert 12,3,1675.07,0.25,182.51,1492.56
2025-04-27,delivery,Herb Drink 9,2,3447.65,0.0,268.84,3178.81
2025-04-27,delivery,Spicy Pizza 9,1,2095.38,0.2,353.26,1387.38
2025-04-27,table,Spicy Burger 12,2,4212.39,0.0,1460.47,2751.92
2025-04-27,table,Veggie Roll,2,2498.98,0.0,357.83,2141.15
2025-04-27,table,Crispy Drink,1,2102.83,0.0,115.26,1670.42
2025-04-28,table,Deluxe Pizza 22,1,2372.17,0.0,759.99,1615.42
2025-04-28,takeaway,Deluxe Pizza,2,3115.65,0.25,1358.81,1756.84
2025-04-28,delivery,Spicy Sandwich 19,1,160.71,0.2,52.46,131.73
2025-04-28,delivery,Sweet Chicken 19,3,3503.72,0.0,796.2,2707.52
2025-04-28,takeaway,Spicy Sandwich 19,1,2503.25,0.5,741.23,2196.72
2025-05-01,delivery,Deluxe Pizza,1,3359.55,0.2,1449.56,2274.7
2025-05-01,takeaway,Veggie Pasta 19,2,1952.15,0.0,163.39,1788.76
2025-05-01,delivery,Spicy Burger 19,5,256.38,0.0,33.23,223.15
2025-05-01,takeaway,Spicy Burger 19,3,1456.17,0.25,400.42,1055.75
2025-05-02,delivery,Herb Burger,1,4932.1,0.0,847.66,2997.68
2025-05-02,table,Spicy Burger,3,4204.64,0.0,741.33,3463.31
2025-05-03,delivery,Classic Dessert,2,1691.7,0.0,317.48,1374.22
2025-05-03,takeaway,Spicy Burger 19,5,7274.36,0.0,2635.98,4638.38
2025-05-03,table,Veggie Drink 12,2,4368.07,0.0,6.91,4361.16
2025-05-03,takeaway,Spicy Roll,2,4408.07,0.5,626.84,3781.23
2025-05-03,takeaway,Veggie Roll,3,1338.58,0.0,414.79,923.79
2025-05-03,delivery,Spicy Pizza 9,2,3942.41,0.0,1508.14,2434.27
2025-05-04,table,Veggie Roll,5,3327.57,0.0,515.9,2811.67
2025-05-04,takeaway,Sweet Burger 12,1,119.75,0.25,50.74,61.89
2025-05-05,table,Crispy Drink,3,2549.76,0.2,258.09,2291.67
2025-05-05,delivery,Sweet Burger 12,4,4874.47,0.0,1047.59,3826.88
2025-05-05,table,Herb Dessert 19,1,2708.47,0.25,276.2,2432.27
2025-05-05,delivery,Deluxe Pizza,1,5538.93,0.0,1564.49,4155.6
2025-05-05,table,Veggie Roll,1,3206.23,0.0,904.56,2292.48
2025-05-05,delivery,Veggie Dessert 9,3,1282.75,0.2,444.41,838.34
2025-05-05,takeaway,Veggie Roll,2,3373.25,0.0,1174.62,2198.63
2025-05-06,delivery,Spicy Burger,4,2920.36,0.25,455.6,2464.76
2025-05-06,takeaway,Veggie Drink 19,2,9815.57,0.0,1602.55,8213.02
2025-05-06,delivery,Deluxe Pizza 19,1,2770.93,0.25,464.64,2141.01
2025-05-06,delivery,Veggie Burger,4,1144.99,0.0,280.15,864.84
2025-05-07,delivery,Spicy Roll,2,630.18,0.25,384.91,245.27
2025-05-07,delivery,Deluxe Dessert 19,4,2828.2,0.2,393.93,2434.27
2025-05-07,takeaway,Crispy Dessert 9,1,3678.42,0.0,149.09,3529.33
2025-05-08,table,Spicy Burger,3,3113.82,0.5,2156.46,957.36
2025-05-08,table,Crispy Drink,2,2091.67,0.0,1233.15,858.52
2025-05-08,table,Sweet Roll 9,2,4520.41,0.0,904.89,3615.52
2025-05-08,delivery,Classic Dessert,3,1407.59,0.25,474.65,932.94
2025-05-09,delivery,Veggie Roll 9,1,350.6,0.2,69.85,213.8
2025-05-09,takeaway,Herb Chicken 12,3,898.18,0.0,283.55,614.63
2025-05-09,takeaway,Veggie Dessert 12,4,1654.14,0.2,561.41,1092.73
2025-05-09,table,Sweet Chicken 12,3,7759.6,0.2,1869.28,5890.32
2025-05-09,delivery,Crispy Dessert 9,4,104.06,0.3,73.13,30.93
2025-05-10,delivery,Crispy Pasta 12,1,3806.2,0.0,1043.77,2675.19
2025-05-10,table,Sweet Pasta 19,2,3586.54,0.0,2349.18,1237.36
2025-05-10,table,Veggie Roll,4,2413.47,0.25,365.11,2048.36
2025-05-10,takeaway,Spicy Chicken 19,3,395.89,0.3,82.07,313.82
2025-05-11,table,Classic Chicken,1,1148.33,0.25,147.97,1141.78
2025-05-11,table,Herb Drink 9,1,1534.03,0.0,418.08,1430.03
2025-05-11,takeaway,Spicy Roll 9,3,2031.55,0.25,427.59,1603.96
2025-05-11,takeaway,Veggie Drink 12,1,11337.36,0.0,1205.73,10886.46
2025-05-11,table,Veggie Roll,4,1753.94,0.0,215.0,1538.94
2025-05-12,table,Veggie Burger,1,1279.0,0.0,426.81,617.72
2025-05-12,table,Spicy Burger,3,4271.08,0.2,742.44,3528.64
2025-05-12,table,Spicy Sandwich 19,1,3287.12,0.25,716.46,1926.12
2025-05-12,delivery,Herb Burger,1,2956.9,0.0,867.31,2424.04
2025-05-13,delivery,Spicy Roll 9,1,2049.79,0.0,587.18,1432.24
2025-05-13,delivery,Herb Pizza 9,1,8647.34,0.0,1723.04,5193.43
2025-05-13,delivery,Veggie Roll,3,2422.27,0.0,740.17,1682.1
2025-05-13,delivery,Deluxe Chicken,6,3526.8,0.5,1777.67,1749.13
2025-05-14,delivery,Zesty Burger,2,1839.25,0.0,152.45,1686.8
2025-05-14,delivery,Herb Burger 12,3,1281.03,0.25,283.05,997.98
2025-05-14,delivery,Sweet Pasta 19,1,592.85,0.0,95.18,474.85
2025-05-14,table,Zesty Pasta 9,5,3049.22,0.5,852.81,2196.41
2025-05-14,table,Crispy Pasta 12,1,1069.44,0.0,66.41,1010.99
2025-05-14,table,Classic Pasta 19,3,2736.55,0.5,2053.06,683.49
2025-05-15,table,Herb Drink 9,2,118.91,0.25,28.64,90.27
2025-05-15,delivery,Crispy Sandwich 12,1,1648.37,0.0,561.35,1385.06
2025-05-15,table,Zesty Burger,4,1669.68,0.25,429.89,1239.79
2025-05-15,delivery,Spicy Burger 19,3,2641.11,0.25,538.78,2102.33
2025-05-16,delivery,Spicy Burger 19,4,3927.22,0.0,1948.84,1978.38
2025-05-16,table,Spicy Dessert 12,4,2774.85,0.0,656.19,2118.66
2025-05-16,table,Sweet Pasta 19,2,550.44,0.25,351.59,198.85
2025-05-16,table,Veggie Burger,3,3142.92,0.0,255.31,2887.61
2025-05-16,takeaway,Spicy Chicken 9,3,3427.75,0.2,493.64,2934.11
2025-05-16,delivery,Herb Sandwich 9,2,1181.67,0.25,485.53,696.14
2025-05-17,table,Spicy Dessert 12,3,2154.66,0.2,252.53,1902.13
2025-05-17,takeaway,Crispy Pasta 12,1,5209.43,0.0,749.07,3498.12
2025-05-17,takeaway,Deluxe Pasta 12,3,3706.27,0.0,507.39,3198.88
2025-05-17,table,Veggie Burger,2,1305.81,0.0,186.6,1119.21
2025-05-17,takeaway,Sweet Chicken 19,2,1051.3,0.0,249.74,801.56
2025-05-17,table,Deluxe Pizza,5,1085.39,0.0,66.26,1019.13
2025-05-18,delivery,Herb Burger,2,3860.77,0.5,1064.14,2796.63
2025-05-18,table,Item50,5,6444.1,0.0,1434.11,5009.99
2025-05-18,table,Deluxe Pizza,3,2135.94,0.0,1179.45,956.49
2025-05-19,delivery,Spicy Chicken 19,1,2534.53,0.0,293.28,2274.18
2025-05-19,takeaway,Herb Burger,4,1942.55,0.0,743.8,1198.75
2025-05-19,table,Veggie Dessert 9,1,2545.75,0.25,720.38,1485.49
2025-05-19,takeaway,Crispy Burger,3,2361.56,0.0,1504.46,857.1
2025-05-19,table,Spicy Burger 12,3,1799.98,0.0,275.97,1524.01
2025-05-19,delivery,Classic Drink,2,351.98,0.25,182.09,169.89
2025-05-20,delivery,Veggie Dessert 9,3,2131.11,0.0,682.29,1448.82
2025-05-20,table,Sweet Burger 12,1,3048.07,0.2,339.8,2512.58
2025-05-20,table,Herb Burger,2,7350.75,0.0,2898.47,4452.28
2025-05-20,table,Sweet Chicken 12,3,1365.74,0.2,117.0,1248.74
2025-05-20,takeaway,Herb Burger,4,143.97,0.25,41.59,102.38
2025-05-20,table,Crispy Pasta 22,2,2856.25,0.5,2008.3,847.95
2025-05-20,takeaway,Spicy Sandwich 19,1,3172.68,0.0,483.61,2920.17
2025-05-21,takeaway,Veggie Pasta 19,2,108.02,0.0,14.23,93.79
2025-05-21,delivery,Spicy Burger,5,3002.62,0.0,1797.28,1205.34
2025-05-21,delivery,Sweet Roll 9,1,2872.4,0.5,1034.38,1333.83
2025-05-21,takeaway,Herb Burger,2,1559.53,0.2,430.39,1129.14
2025-05-21,table,Sweet Roll 9,3,6004.71,0.0,269.63,5735.08
2025-05-21,takeaway,Crispy Drink,1,1502.88,0.0,209.0,1293.88
2025-05-22,takeaway,Spicy Roll,2,1620.74,0.0,833.21,787.53
2025-05-22,table,Herb Burger 12,3,2298.68,0.5,1497.23,801.45
2025-05-22,table,Spicy Chicken 19,3,2613.27,0.3,823.64,1789.63
2025-05-22,delivery,Spicy Burger,1,635.13,0.0,58.22,576.91
2025-05-22,delivery,Veggie Roll,1,11886.63,0.0,551.5,11335.13
2025-05-22,delivery,Spicy Dessert 12,2,1577.93,0.0,322.0,1255.93
2025-05-22,delivery,Spicy Burger,1,4461.65,0.5,1387.28,2907.25
2025-05-22,delivery,Crispy Drink,2,1177.51,0.0,886.86,290.65
2025-05-23,takeaway,Crispy Pasta 12,3,3488.64,0.5,1122.09,2366.55
2025-05-23,delivery,Sweet Roll 9,3,3200.94,0.0,782.78,2418.16
2025-05-23,table,Spicy Burger,4,2089.77,0.2,755.86,1333.91
2025-05-24,delivery,Deluxe Pizza 19,3,2046.6,0.25,772.53,1274.07
2025-05-24,takeaway,Classic Chicken,1,2359.22,0.0,503.12,2090.33
2025-05-24,delivery,Veggie Dessert 9,1,2457.48,0.0,848.28,1586.56
2025-05-24,delivery,Herb Drink 9,3,4176.9,0.2,267.91,3908.99
2025-05-24,delivery,Deluxe Pizza,1,3146.54,0.2,471.41,2697.24
2025-05-24,delivery,Sweet Chicken 12,6,1358.17,0.0,337.6,1020.57
2025-05-24,delivery,Deluxe Pizza 22,3,2540.77,0.0,2303.61,237.16
2025-05-25,table,Spicy Drink,2,4684.95,0.5,1290.74,3394.21
2025-05-25,delivery,Crispy Pasta 12,1,3983.91,0.5,1111.1,2082.49
2025-05-25,table,Veggie Roll,2,4204.86,0.0,244.89,3959.97
2025-05-26,delivery,Spicy Burger 12,1,2241.38,0.2,441.15,2033.34
2025-05-26,delivery,Sweet Pasta 12,3,3810.69,0.0,800.33,3010.36
2025-05-26,delivery,Spicy Burger 12,2,8054.67,0.0,516.29,7538.38
2025-05-27,table,Spicy Pizza,1,2705.87,0.0,1114.42,1921.7
2025-05-27,takeaway,Veggie Burger,4,3416.4,0.0,500.89,2915.51
2025-05-27,takeaway,Crispy Drink,1,806.18,0.25,107.0,752.79
2025-05-27,delivery,Sweet Burger 22,1,327.54,0.0,20.06,307.48
2025-05-27,table,Sweet Burger 12,1,1543.19,0.0,971.42,629.02
2025-05-27,delivery,Herb Pizza 9,3,1241.62,0.0,254.41,987.21
2025-05-27,takeaway,Spicy Burger,1,2315.69,0.0,449.79,1638.5
2025-05-27,takeaway,Veggie Roll,3,275.39,0.0,62.43,212.96
2025-05-27,delivery,Veggie Burger,2,854.96,0.2,313.49,541.47
2025-05-28,table,Sweet Chicken 19,3,1731.7,0.25,826.67,905.03
2025-05-28,table,Classic Chicken 19,1,4556.74,0.25,1194.38,2487.59
2025-05-28,takeaway,Crispy Pasta 12,2,8580.78,0.0,746.83,7833.95
2025-05-28,takeaway,Deluxe Pizza 19,3,3597.9,0.5,1915.36,1682.54
2025-06-01,table,Crispy Dessert 9,2,1574.81,0.5,1530.55,1259.43
2025-06-01,delivery,Item724,1,2800.56,0.2,519.21,2308.31
2025-06-01,takeaway,Crispy Drink,5,887.06,0.0,82.78,804.28
2025-06-01,table,Item50,2,3530.83,0.25,1555.29,1975.54
2025-06-01,takeaway,Zesty Pasta 9,2,5086.75,0.25,772.0,4314.75
2025-06-02,delivery,Deluxe Pizza,3,520.97,0.25,218.07,302.9
2025-06-03,delivery,Sweet Chicken 12,1,6292.83,0.0,2643.37,2839.07
2025-06-03,takeaway,Veggie Burger,2,2310.05,0.0,328.59,1981.46
2025-06-03,delivery,Spicy Pizza 9,1,443.56,0.0,249.02,219.07
2025-06-03,delivery,Herb Burger,1,2538.42,0.0,286.03,2091.26
2025-06-03,table,Veggie Drink 12,1,2531.24,0.25,529.89,1830.61
2025-06-03,table,Deluxe Pizza 19,3,2274.35,0.5,1274.77,999.58
2025-06-03,delivery,Sweet Roll 9,1,3836.47,0.0,205.73,3409.2
2025-06-03,delivery,Herb Pasta 9,3,8373.21,0.0,1363.69,7009.52
2025-06-03,table,Crispy Pasta 12,3,2698.51,0.2,542.48,2156.03
2025-06-04,delivery,Sweet Burger 12,1,2728.26,0.25,947.07,1495.94
2025-06-04,table,Veggie Roll,3,2154.83,0.0,1065.06,1089.77
2025-06-04,table,Spicy Burger,4,5038.59,0.0,618.07,4420.52
2025-06-04,takeaway,Herb Burger,3,778.66,0.2,241.12,537.54
2025-06-04,table,Sweet Pasta 12,5,9642.19,0.0,1199.93,8442.26
2025-06-04,takeaway,Herb Burger 12,1,359.85,0.2,205.71,154.61
2025-06-04,table,Veggie Roll,2,5609.35,0.0,1091.77,4517.58
2025-06-04,takeaway,Herb Pizza 9,3,2848.11,0.5,1458.81,1389.3
2025-06-05,delivery,Sweet Chicken 19,5,3900.12,0.0,269.21,3630.91
2025-06-05,table,Deluxe Dessert 22,3,1273.13,0.2,152.9,1120.23
2025-06-05,table,Sweet Chicken 19,4,1744.54,0.25,395.78,1348.76
2025-06-05,delivery,Deluxe Pizza 19,3,5227.3,0.0,293.27,4934.03
2025-06-05,takeaway,Veggie Roll,3,3851.61,0.0,3061.16,790.45
2025-06-05,table,Crispy Sandwich 22,2,7081.53,0.0,2049.41,5032.12
2025-06-05,table,Deluxe Chicken,1,2819.93,0.25,518.64,1644.6
2025-06-05,delivery,Deluxe Dessert 19,3,3924.46,0.0,1948.21,1976.25
2025-06-05,delivery,Spicy Burger,1,2718.33,0.0,184.12,2202.55
2025-06-05,takeaway,Spicy Burger 22,3,2844.22,0.2,551.04,2293.18
2025-06-06,table,Classic Chicken,2,5472.34,0.0,680.13,4792.21
2025-06-06,table,Sweet Chicken 12,5,416.81,0.0,65.43,351.38
2025-06-06,delivery,Sweet Burger 12,1,20025.53,0.0,1878.88,18368.53
2025-06-06,table,Veggie Dessert 9,3,2839.21,0.2,550.65,2288.56
2025-06-07,table,Deluxe Pasta 12,2,2606.4,0.25,551.08,2055.32
2025-06-07,delivery,Spicy Dessert 12,5,3383.37,0.0,743.11,2640.26
2025-06-07,takeaway,Spicy Burger 19,5,3863.55,0.0,649.99,3213.56
2025-06-07,takeaway,Zesty Burger 22,1,3112.48,0.0,662.79,2700.18
2025-06-07,table,Zesty Pasta 9,3,2871.61,0.25,1048.94,1822.67
2025-06-08,delivery,Herb Burger,1,2598.22,0.3,436.89,2296.41
2025-06-08,table,Herb Burger,1,5461.56,0.0,614.19,3451.99
2025-06-08,table,Crispy Pasta 12,6,4423.88,0.2,740.03,3683.85
2025-06-09,delivery,Deluxe Pizza 19,4,1889.45,0.0,353.87,1535.58
2025-06-09,delivery,Zesty Burger,2,846.69,0.0,285.36,561.33
2025-06-09,table,Herb Drink 9,2,369.76,0.0,58.32,311.44
2025-06-09,table,Crispy Pasta 12,3,825.18,0.3,608.82,216.36
2025-06-10,takeaway,Deluxe Pizza,2,1209.6,0.2,249.14,960.46
2025-06-10,delivery,Deluxe Pizza,6,1656.65,0.0,98.84,1557.81
2025-06-10,delivery,Herb Chicken 22,2,3242.17,0.0,335.35,2906.82
2025-06-10,delivery,Veggie Burger,1,1172.45,0.2,539.62,762.99
2025-06-10,delivery,Deluxe Pizza 19,3,1753.93,0.0,220.55,1533.38
2025-06-11,table,Spicy Chicken 19,3,2302.53,0.2,1094.21,1208.32
2025-06-11,delivery,Veggie Dessert 9,3,119.9,0.0,41.02,78.88
2025-06-11,delivery,Herb Drink 9,1,1749.22,0.0,518.34,1349.48
2025-06-11,delivery,Spicy Sandwich 19,2,2533.03,0.25,367.56,2165.47
2025-06-11,table,Sweet Pasta 12,1,708.48,0.25,157.56,699.13
2025-06-11,table,Herb Drink 9,2,2292.43,0.0,239.48,2052.95
2025-06-11,table,Veggie Roll 9,3,2409.21,0.0,1516.44,892.77
2025-06-11,delivery,Crispy Drink,2,4463.3,0.0,1339.74,3123.56
2025-06-12,delivery,Item50,1,6073.16,0.0,1757.16,4787.3
2025-06-12,table,Crispy Dessert 9,3,2846.47,0.0,880.73,1965.74
2025-06-12,delivery,Spicy Burger 12,3,2116.92,0.0,959.08,1157.84
2025-06-12,table,Item50,3,2033.59,0.0,243.7,1789.89
2025-06-12,table,Spicy Sandwich 19,5,3019.39,0.25,908.42,2110.97
2025-06-13,table,Herb Drink 9,4,3867.45,0.0,414.23,3453.22
2025-06-13,table,Spicy Pizza,1,1812.61,0.0,139.93,1220.69
2025-06-13,takeaway,Veggie Roll,3,2014.76,0.25,405.57,1609.19
2025-06-13,delivery,Crispy Pasta 12,1,3861.17,0.0,871.89,2110.0
2025-06-13,delivery,Item50,1,3296.12,0.0,423.77,2744.51
2025-06-14,delivery,Classic Pasta 19,2,2981.89,0.0,589.03,2392.86
2025-06-14,table,Classic Drink,5,4609.91,0.0,1281.57,3328.34
2025-06-14,table,Veggie Dessert 12,2,1431.45,0.2,164.77,1266.68
2025-06-14,delivery,Herb Pasta 9,1,5203.75,0.0,252.92,4950.83
2025-06-14,table,Item50,3,876.96,0.0,361.96,515.0
2025-06-14,delivery,Spicy Burger,1,1452.88,0.0,544.33,819.91
2025-06-14,delivery,Spicy Dessert,3,3058.21,0.0,1355.05,1703.16
2025-06-15,delivery,Item50,5,2343.05,0.5,1968.62,374.43
2025-06-15,table,Spicy Chicken 19,1,3092.43,0.2,269.09,2823.34
2025-06-16,table,Herb Burger 12,2,2005.2,0.25,1243.23,761.97
2025-06-16,table,Spicy Burger,1,1434.99,0.0,305.29,1179.94
2025-06-16,delivery,Crispy Pasta 12,1,2947.43,0.0,642.37,2305.06
2025-06-16,delivery,Veggie Roll,2,4119.75,0.0,721.43,3398.32
2025-06-16,takeaway,Spicy Dessert 12,4,3588.85,0.0,1330.14,2258.71
2025-06-16,table,Crispy Drink,2,2112.49,0.0,278.56,1833.93
2025-06-16,table,Spicy Pizza 9,3,6008.67,0.0,2588.58,3420.09
2025-06-16,table,Zesty Pasta 9,3,1425.33,0.2,263.91,1161.42
2025-06-17,takeaway,Veggie Drink 19,2,1831.89,0.0,1880.55,1804.07
2025-06-17,delivery,Classic Sandwich,5,10728.97,0.0,1732.87,8996.1
2025-06-17,delivery,Sweet Burger 12,2,499.07,0.0,104.43,394.64
2025-06-17,delivery,Herb Burger 12,2,2885.39,0.0,71.14,2814.25
2025-06-18,delivery,Veggie Drink 9,1,2701.88,0.0,846.8,1946.58
2025-06-18,table,Spicy Burger 12,1,300.16,0.0,102.85,204.52
2025-06-19,table,Sweet Pasta 19,4,351.38,0.25,75.02,276.36
2025-06-19,takeaway,Spicy Sandwich 19,1,3136.92,0.0,586.67,2078.81
2025-06-19,table,Spicy Chicken 19,5,2457.74,0.0,129.25,2328.49
2025-06-19,table,Crispy Pasta 12,4,3809.11,0.0,3406.41,402.7
2025-06-19,table,Veggie Roll 9,1,1104.32,0.0,222.74,918.54
2025-06-19,table,Spicy Chicken 19,4,2938.52,0.2,244.71,2693.81
2025-06-20,table,Deluxe Pasta 12,1,1615.62,0.25,341.04,1042.06
2025-06-20,delivery,Zesty Burger,1,2848.73,0.3,749.31,1927.2
2025-06-20,delivery,Herb Burger,2,1225.03,0.2,406.17,818.86
2025-06-21,delivery,Deluxe Pizza 22,1,366.29,0.0,15.94,345.47
2025-06-21,delivery,Spicy Chicken 19,1,1634.4,0.25,278.84,1585.19
2025-06-21,delivery,Spicy Burger,4,1228.63,0.25,447.03,781.6
2025-06-21,takeaway,Sweet Chicken 19,3,1176.72,0.2,141.53,1035.19
2025-06-21,delivery,Herb Roll,4,3092.54,0.2,200.48,2892.06
2025-06-22,delivery,Zesty Burger,1,1547.83,0.0,530.53,1036.69
2025-06-22,delivery,Herb Drink 9,2,46.78,0.0,3.91,42.87
2025-06-22,delivery,Zesty Sandwich,1,539.47,0.25,188.99,391.77
2025-06-22,takeaway,Veggie Dessert 12,2,4429.0,0.0,643.18,3785.82
2025-06-22,table,Spicy Burger,5,3225.55,0.0,493.27,2732.28
2025-06-22,delivery,Sweet Chicken 12,5,1630.78,0.0,594.74,1036.04
2025-06-22,takeaway,Zesty Burger,5,5173.91,0.0,2696.34,2477.57
2025-06-22,takeaway,Herb Drink 9,4,3278.35,0.0,1353.78,1924.57
2025-06-22,takeaway,Crispy Pasta 12,2,2256.76,0.2,304.61,1952.15
2025-06-22,takeaway,Veggie Dessert 9,1,2653.59,0.15,537.37,2395.96
2025-06-23,delivery,Veggie Pasta 19,3,8609.99,0.0,2909.38,5700.61
2025-06-23,table,Deluxe Pizza 19,1,651.03,0.0,564.06,82.37
2025-06-23,table,Herb Sandwich 9,1,1855.33,0.0,339.76,1266.91
2025-06-23,takeaway,Sweet Chicken 19,1,971.37,0.25,487.2,603.11
2025-06-23,delivery,Sweet Chicken 12,3,9985.55,0.3,3730.02,6255.53
2025-06-23,takeaway,Sweet Chicken,4,468.21,0.25,129.11,339.1
2025-06-24,delivery,Sweet Burger 12,1,1409.72,0.0,631.84,936.41
2025-06-24,delivery,Sweet Chicken 12,2,469.51,0.25,114.01,355.5
2025-06-24,delivery,Herb Drink 9,2,1733.15,0.25,568.88,1164.27
2025-06-24,takeaway,Classic Drink,1,877.28,0.0,47.68,704.18
2025-06-25,table,Spicy Burger 12,3,4537.92,0.0,976.05,3561.87
2025-06-25,table,Herb Roll,5,2109.92,0.25,648.12,1461.8
2025-06-25,table,Sweet Chicken 19,2,4970.63,0.0,873.13,4097.5
2025-06-25,takeaway,Spicy Roll 9,1,1844.73,0.0,136.75,1438.8
2025-06-25,takeaway,Herb Drink 9,2,3037.15,0.0,1002.6,2034.55
2025-06-25,table,Deluxe Pizza,4,1892.16,0.0,948.68,943.48
2025-06-25,takeaway,Crispy Dessert 9,2,1749.14,0.0,469.92,1279.22
2025-06-26,takeaway,Crispy Sandwich 12,5,2956.58,0.0,304.1,2652.48
2025-06-26,takeaway,Crispy Dessert 9,1,517.65,0.0,121.16,318.65
2025-06-26,table,Veggie Drink 19,4,4392.31,0.25,1030.79,3361.52
2025-06-26,table,Crispy Drink,2,1866.24,0.0,525.48,1340.76
2025-06-26,delivery,Crispy Burger,5,1726.28,0.0,375.52,1350.76
2025-06-27,delivery,Spicy Chicken 19,4,2830.52,0.25,513.49,2317.03
2025-06-27,delivery,Sweet Burger 12,4,564.34,0.25,149.53,414.81
2025-06-27,table,Deluxe Dessert 22,1,1679.26,0.0,485.78,1291.76
2025-06-27,takeaway,Deluxe Dessert 22,2,830.32,0.0,201.21,629.11
2025-06-27,takeaway,Spicy Burger,3,794.58,0.25,364.1,430.48
2025-06-27,delivery,Veggie Roll,1,5138.52,0.0,925.86,4094.43
2025-06-27,table,Herb Drink 9,4,2724.26,0.5,2040.58,683.68
2025-06-28,delivery,Item50,1,2077.06,0.0,660.53,1057.92
2025-06-28,takeaway,Classic Pasta,3,3492.71,0.0,2316.35,1176.36
2025-06-28,table,Sweet Chicken 19,1,1058.92,0.0,95.87,963.05
2025-06-28,table,Spicy Burger 12,3,3716.18,0.2,329.11,3387.07
2025-07-01,takeaway,Herb Drink 9,2,1752.0,0.25,472.79,1279.21
2025-07-01,table,Spicy Chicken 19,1,2086.25,0.0,307.63,1425.28
2025-07-01,delivery,Sweet Burger 12,2,1450.47,0.0,1309.85,140.62
2025-07-01,table,Sweet Chicken 12,4,4884.66,0.0,712.73,4171.93
2025-07-01,table,Spicy Chicken 19,3,1992.69,0.25,287.03,1705.66
2025-07-01,table,Crispy Dessert 9,1,2025.74,0.0,539.95,1334.77
2025-07-02,delivery,Herb Sandwich 9,2,1270.95,0.2,216.19,1054.76
2025-07-02,takeaway,Spicy Chicken 19,2,1928.77,0.0,860.74,1068.03
2025-07-02,takeaway,Veggie Dessert 9,3,1549.07,0.2,249.35,1299.72
2025-07-03,delivery,Sweet Burger 12,3,1633.93,0.2,365.42,1268.51
2025-07-04,delivery,Classic Pasta 19,1,1108.2,0.2,154.77,1078.19
2025-07-04,takeaway,Herb Burger,4,1174.82,0.0,201.63,973.19
2025-07-04,delivery,Veggie Dessert 9,2,2448.46,0.0,542.43,1906.03
2025-07-04,delivery,Herb Burger,2,1158.62,0.25,295.2,863.42
2025-07-05,takeaway,Herb Chicken 12,1,2188.79,0.0,201.42,1466.72
2025-07-05,takeaway,Deluxe Pizza,2,1266.82,0.0,63.06,1203.76
2025-07-05,table,Spicy Roll 12,1,3510.55,0.0,1669.24,1829.17
2025-07-05,table,Herb Burger 12,1,3550.99,0.0,343.99,2443.94
2025-07-05,delivery,Spicy Sandwich,3,1993.5,0.25,524.69,1468.81
2025-07-06,table,Herb Drink 9,4,3054.92,0.0,1613.18,1441.74
2025-07-06,table,Veggie Dessert 12,3,3049.64,0.2,468.06,2581.58
2025-07-06,table,Spicy Burger,5,2329.78,0.25,338.59,1991.19
2025-07-06,delivery,Veggie Burger,1,2766.99,0.0,664.02,2218.72
2025-07-07,delivery,Crispy Pasta 12,1,1068.49,0.0,427.56,574.8
2025-07-07,delivery,Sweet Burger 12,2,3828.53,0.0,2468.5,1360.03
2025-07-07,delivery,Deluxe Pizza,1,1164.6,0.25,148.96,1015.64
2025-07-07,delivery,Deluxe Pasta 12,1,2237.88,0.5,1541.61,750.03
2025-07-07,delivery,Spicy Sandwich 19,3,3470.22,0.25,1214.74,2255.48
2025-07-07,table,Crispy Chicken 22,2,5443.09,0.0,621.36,4821.73
2025-07-07,takeaway,Crispy Pasta 12,2,1261.17,0.0,703.4,557.77
2025-07-08,table,Spicy Burger 22,2,4504.53,0.5,1547.27,2957.26
2025-07-08,table,Sweet Chicken 12,1,2314.74,0.0,528.24,1508.31
2025-07-08,table,Sweet Chicken 12,3,1989.08,0.25,503.52,1485.56
2025-07-08,delivery,Crispy Burger,1,2336.53,0.5,1031.6,1435.93
2025-07-09,table,Sweet Pasta 12,4,2665.24,0.25,923.64,1741.6
2025-07-09,table,Sweet Chicken 19,5,1696.99,0.0,298.91,1398.08
2025-07-09,delivery,Spicy Chicken 19,2,4757.91,0.0,2429.46,2328.45
2025-07-09,table,Spicy Pizza,2,3828.15,0.0,295.36,3532.79
2025-07-09,table,Sweet Burger 22,2,3628.65,0.0,1732.75,1895.9
2025-07-09,takeaway,Classic Chicken,3,5431.45,0.25,380.12,5051.33
2025-07-10,table,Classic Pasta 19,1,1912.2,0.0,897.42,910.41
2025-07-10,table,Veggie Burger,2,215.37,0.0,25.23,190.14
2025-07-10,delivery,Herb Drink 9,2,2657.94,0.0,71.65,2586.29
2025-07-11,table,Item724,6,3769.25,0.2,1608.36,2160.89
2025-07-11,table,Deluxe Pizza 19,4,2776.83,0.0,741.87,2034.96
2025-07-11,delivery,Deluxe Dessert 19,5,2188.59,0.5,1523.1,665.49
2025-07-11,delivery,Sweet Burger 22,6,5744.62,0.0,2218.23,3526.39
2025-07-11,takeaway,Spicy Sandwich 19,2,508.51,0.25,98.6,409.91
2025-07-11,table,Spicy Burger 12,3,1187.17,0.0,140.2,1046.97
2025-07-11,takeaway,Crispy Drink,4,1146.71,0.0,153.68,993.03
2025-07-12,takeaway,Item724,5,830.94,0.0,112.84,718.1
2025-07-12,delivery,Classic Pasta 22,2,7671.93,0.0,1601.86,6070.07
2025-07-12,table,Sweet Burger 12,1,934.52,0.0,651.7,280.89
2025-07-12,takeaway,Veggie Roll,1,2892.55,0.0,566.07,1885.33
2025-07-12,delivery,Herb Dessert 19,5,3163.27,0.0,777.23,2386.04
2025-07-12,delivery,Deluxe Pizza,2,2262.23,0.25,865.51,1396.72
2025-07-12,delivery,Classic Pasta 19,4,601.33,0.2,88.69,512.64
2025-07-13,takeaway,Deluxe Pizza,1,4990.07,0.5,1143.05,4838.52
2025-07-13,table,Herb Burger 12,6,5868.66,0.25,1563.67,4304.99
2025-07-14,delivery,Crispy Drink,1,3266.45,0.2,765.78,1951.99
2025-07-14,takeaway,Veggie Drink 12,1,2624.21,0.25,838.33,2248.51
2025-07-14,takeaway,Crispy Pasta 12,1,2674.32,0.25,251.26,2423.06
2025-07-14,table,Spicy Burger 19,5,508.88,0.0,282.59,226.29
2025-07-14,takeaway,Veggie Pasta 19,4,7103.11,0.0,603.35,6499.76
2025-07-14,delivery,Spicy Burger 12,3,3821.71,0.0,2741.92,1079.79
2025-07-15,delivery,Deluxe Pizza 19,5,2854.54,0.0,1288.38,1566.16
2025-07-15,table,Spicy Dessert,1,8299.56,0.0,1149.17,5915.69
2025-07-15,delivery,Spicy Burger 19,1,1071.49,0.2,359.56,725.63
2025-07-15,table,Spicy Burger 22,3,7947.91,0.0,1205.76,6742.15
2025-07-15,takeaway,Veggie Drink 9,3,3218.83,0.0,156.84,3061.99
2025-07-16,takeaway,Crispy Drink,3,2195.67,0.0,937.77,1257.9
2025-07-17,delivery,Herb Drink 9,4,3554.53,0.2,441.11,3113.42
2025-07-17,table,Herb Drink 9,1,14227.15,0.0,1821.39,10910.07
2025-07-17,table,Herb Burger 12,2,134.6,0.2,53.41,81.19
2025-07-18,delivery,Sweet Burger 12,1,1424.59,0.0,477.71,1185.13
2025-07-18,delivery,Deluxe Chicken,2,2733.11,0.0,568.22,2164.89
2025-07-18,table,Sweet Chicken 12,1,2881.32,0.0,382.99,2685.94
2025-07-18,takeaway,Spicy Burger 9,3,2359.21,0.25,430.45,1928.76
2025-07-18,delivery,Herb Drink 9,3,3285.41,0.0,516.09,2769.32
2025-07-18,delivery,Sweet Chicken 19,3,4261.37,0.5,1347.55,2913.82
2025-07-18,table,Veggie Drink 9,1,1409.85,0.25,432.68,684.54
2025-07-19,delivery,Crispy Pasta 12,4,1075.95,0.0,188.0,887.95
2025-07-19,delivery,Zesty Pasta 9,7,2125.03,0.2,439.48,1685.55
2025-07-19,table,Crispy Drink,3,490.42,0.0,22.6,467.82
2025-07-19,takeaway,Deluxe Dessert 22,1,713.63,0.2,270.82,476.8
2025-07-19,delivery,Crispy Chicken 22,1,2882.66,0.0,198.49,2257.58
2025-07-20,takeaway,Zesty Burger 22,3,3712.37,0.0,398.58,3313.79
2025-07-20,table,Herb Drink 9,1,2016.17,0.2,290.72,1741.03
2025-07-20,takeaway,Sweet Chicken 19,5,4588.35,0.0,1951.48,2636.87
2025-07-20,table,Spicy Sandwich 19,2,413.75,0.0,78.38,335.37
2025-07-21,takeaway,Veggie Roll,6,1498.75,0.0,124.42,1374.33
2025-07-21,delivery,Classic Pasta 19,1,2742.46,0.25,329.99,2412.47
2025-07-21,table,Crispy Dessert 9,5,2096.92,0.2,249.77,1847.15
2025-07-21,takeaway,Deluxe Pizza 19,5,1352.94,0.2,169.62,1183.32
2025-07-21,table,Spicy Roll 9,1,1058.03,0.0,315.19,647.09
2025-07-21,delivery,Deluxe Pizza 19,2,834.97,0.0,85.5,749.47
2025-07-21,delivery,Classic Pasta 19,2,2729.66,0.25,509.99,2219.67
2025-07-22,delivery,Deluxe Pizza,2,2249.35,0.25,369.42,1879.93
2025-07-22,table,Spicy Chicken 19,1,5127.41,0.0,839.38,4300.6
2025-07-22,takeaway,Crispy Pasta 12,1,1678.82,0.25,478.11,1513.93
2025-07-22,table,Crispy Drink,1,2386.54,0.25,498.95,1680.24
2025-07-22,table,Crispy Chicken 22,2,3333.47,0.5,2563.29,770.18
2025-07-22,table,Veggie Burger,5,2025.03,0.25,510.62,1514.41
2025-07-23,table,Spicy Chicken 19,1,879.66,0.25,281.55,443.01
2025-07-23,takeaway,Deluxe Dessert 19,2,3335.15,0.5,1454.01,1881.14
2025-07-23,delivery,Sweet Burger 12,3,1169.73,0.0,448.44,721.29
2025-07-24,takeaway,Herb Burger 12,2,3893.99,0.5,1077.74,2816.25
2025-07-24,delivery,Item50,3,2543.72,0.0,1936.74,606.98
2025-07-24,takeaway,Spicy Sandwich 19,3,173.02,0.0,52.42,120.6
2025-07-24,takeaway,Spicy Drink,1,310.9,0.0,33.59,234.44
2025-07-24,delivery,Crispy Pasta 12,1,2102.41,0.0,497.37,1438.53
2025-07-24,delivery,Herb Dessert 19,2,124.5,0.0,53.52,70.98
2025-07-24,table,Crispy Dessert 9,1,182.91,0.25,38.37,140.92
2025-07-24,takeaway,Deluxe Pasta 12,1,4470.23,0.5,2022.89,2320.99
2025-07-25,table,Veggie Roll,2,1591.58,0.0,682.58,909.0
2025-07-25,takeaway,Zesty Pasta 9,1,552.41,0.25,91.4,451.28
2025-07-25,delivery,Classic Pasta 19,1,1188.94,0.25,538.81,625.78
2025-07-25,takeaway,Crispy Pasta 12,1,284.11,0.2,98.14,219.24
2025-07-25,delivery,Veggie Drink 19,2,867.55,0.2,267.64,599.91
2025-07-26,table,Veggie Roll,2,2591.99,0.0,401.97,2190.02
2025-07-26,delivery,Herb Burger 12,3,1856.21,0.0,838.59,1017.62
2025-07-26,delivery,Sweet Burger 12,1,5231.51,0.0,3398.08,2093.56
2025-07-26,delivery,Veggie Roll,4,196.38,0.2,55.67,140.71
2025-07-26,delivery,Veggie Sandwich,3,3201.56,0.0,3171.83,29.73
2025-07-26,takeaway,Veggie Drink 9,1,3924.54,0.15,1015.0,2483.18
2025-07-26,delivery,Herb Drink 9,1,855.64,0.2,271.97,754.43
2025-07-26,table,Spicy Chicken 19,3,3917.7,0.0,656.47,3261.23
2025-07-26,table,Deluxe Pizza,2,1090.81,0.0,186.07,904.74
2025-07-26,table,Spicy Chicken 19,3,1314.83,0.2,132.5,1182.33
2025-07-27,takeaway,Veggie Pasta 19,2,240.65,0.0,95.72,144.93
2025-07-27,table,Sweet Burger 12,2,3009.05,0.0,553.04,2456.01
2025-07-27,table,Zesty Burger,5,4913.1,0.25,860.4,4052.7
2025-07-27,table,Veggie Dessert 9,5,2946.64,0.0,269.92,2676.72
2025-07-27,delivery,Sweet Chicken 19,4,920.27,0.0,373.11,547.16
2025-07-28,table,Herb Drink 9,2,4494.66,0.0,473.97,4020.69
2025-07-28,takeaway,Classic Chicken,4,4882.61,0.0,1458.38,3424.23
2025-07-28,delivery,Item50,4,608.49,0.3,201.66,406.83
2025-07-28,table,Deluxe Chicken,2,1543.64,0.0,725.1,818.54
2025-07-28,table,Spicy Chicken 19,2,666.28,0.25,223.91,442.37
2025-07-28,takeaway,Herb Chicken 12,3,2860.08,0.25,942.75,1917.33
2025-07-28,delivery,Classic Chicken,2,1934.16,0.0,247.82,1686.34
2025-07-28,table,Deluxe Pizza,1,1720.31,0.0,171.86,1260.16
2025-07-28,delivery,Veggie Dessert 12,1,3224.43,0.25,823.55,2164.46
2025-08-01,takeaway,Zesty Pizza,1,2870.49,0.0,1203.26,1301.94
2025-08-01,table,Veggie Burger,2,1190.87,0.25,478.92,711.95
2025-08-01,takeaway,Veggie Burger,2,2948.25,0.0,906.77,2041.48
2025-08-01,delivery,Veggie Roll,1,218.56,0.0,52.88,156.2
2025-08-01,table,Herb Chicken 12,3,3577.82,0.0,588.62,2989.2
2025-08-02,delivery,Crispy Drink,1,1462.13,0.25,235.42,1278.06
2025-08-03,delivery,Deluxe Pizza,1,2237.18,0.25,286.56,1987.84
2025-08-03,takeaway,Sweet Pasta 19,2,159.04,0.25,46.7,112.34
2025-08-03,delivery,Veggie Roll,5,5013.79,0.0,741.43,4272.36
2025-08-03,table,Zesty Pasta 9,2,894.36,0.0,272.47,621.89
2025-08-04,takeaway,Veggie Roll,1,389.28,0.3,235.65,122.65
2025-08-04,delivery,Veggie Burger,4,1147.35,0.25,325.42,821.93
2025-08-04,takeaway,Herb Drink 9,2,1154.83,0.0,244.97,909.86
2025-08-04,takeaway,Herb Drink 9,3,263.12,0.0,29.05,234.07
2025-08-04,table,Veggie Drink 19,1,71.96,0.25,35.47,27.58
2025-08-04,takeaway,Deluxe Pizza 19,3,1449.98,0.25,264.88,1185.1
2025-08-04,takeaway,Herb Drink 9,5,2585.44,0.0,385.95,2199.49
2025-08-05,delivery,Zesty Pasta 9,2,8626.67,0.0,1466.84,7159.83
2025-08-05,table,Sweet Burger 12,3,1365.56,0.0,1183.68,181.88
2025-08-06,delivery,Zesty Pasta 9,4,4346.32,0.0,418.92,3927.4
2025-08-06,delivery,Herb Pizza 9,5,4588.32,0.2,643.3,3945.02
2025-08-06,table,Veggie Roll 9,1,2953.19,0.0,376.28,2258.46
2025-08-06,takeaway,Herb Drink 9,2,2631.2,0.2,399.36,2231.84
2025-08-06,delivery,Crispy Drink,3,250.43,0.0,43.69,206.74
2025-08-08,takeaway,Spicy Burger 22,1,332.71,0.0,52.59,322.79
2025-08-08,table,Veggie Burger,3,903.44,0.25,101.53,801.91
2025-08-08,table,Zesty Pizza,4,94.17,0.25,34.39,59.78
2025-08-08,delivery,Spicy Pizza,2,1598.99,0.25,763.07,835.92
2025-08-08,table,Spicy Burger,3,2184.81,0.0,692.43,1492.38
2025-08-08,delivery,Herb Burger,3,808.67,0.25,318.39,490.28
2025-08-09,takeaway,Sweet Burger 12,1,4081.78,0.25,1276.39,2599.71
2025-08-09,delivery,Deluxe Pizza 19,2,619.77,0.2,199.76,420.01
2025-08-10,table,Crispy Pasta 22,3,1893.01,0.25,981.39,911.62
2025-08-10,delivery,Spicy Burger,1,1335.09,0.2,314.47,738.57
2025-08-10,takeaway,Item50,1,564.21,0.25,163.42,511.38
2025-08-10,takeaway,Crispy Pasta 12,4,560.4,0.0,66.86,493.54
2025-08-10,delivery,Deluxe Pasta 12,3,2000.52,0.0,678.48,1322.04
2025-08-11,delivery,Spicy Sandwich 19,2,193.22,0.2,48.93,144.29
2025-08-11,delivery,Spicy Dessert,2,1539.17,0.0,642.07,897.1
2025-08-12,delivery,Sweet Chicken 12,2,3435.79,0.0,1861.53,1574.26
2025-08-12,delivery,Veggie Dessert 9,5,420.06,0.0,183.85,236.21
2025-08-12,delivery,Deluxe Pizza,1,1715.05,0.25,1295.46,358.77
2025-08-13,takeaway,Crispy Dessert 9,1,1958.31,0.0,120.5,1837.81
2025-08-13,delivery,Spicy Burger 19,3,2512.99,0.5,715.07,1797.92
2025-08-13,table,Spicy Burger,3,2143.67,0.25,388.57,1755.1
2025-08-13,table,Sweet Chicken 19,8,3990.45,0.0,448.97,3541.48
2025-08-13,delivery,Herb Burger,1,3950.35,0.25,667.25,3411.2
2025-08-14,delivery,Crispy Sandwich 12,4,275.47,0.25,68.03,207.44
2025-08-14,delivery,Crispy Drink,2,3323.87,0.0,1865.65,1458.22
2025-08-15,takeaway,Crispy Sandwich 12,5,565.92,0.25,187.44,378.48
2025-08-15,delivery,Veggie Chicken,3,2597.19,0.3,397.15,2200.04
2025-08-16,delivery,Crispy Pasta 12,3,2955.29,0.0,223.37,2731.92
2025-08-16,delivery,Item50,1,10356.02,0.25,2576.78,7549.3
2025-08-16,delivery,Sweet Chicken,5,2973.03,0.0,720.83,2252.2
2025-08-16,delivery,Sweet Pasta 19,3,381.09,0.0,348.6,32.49
2025-08-16,delivery,Deluxe Pizza 19,5,965.83,0.0,84.56,881.27
2025-08-16,takeaway,Herb Pizza 9,3,3655.64,0.0,536.51,3119.13
2025-08-17,table,Herb Burger 12,1,169.01,0.0,69.06,89.04
2025-08-17,table,Sweet Roll 9,2,1858.83,0.0,778.9,1079.93
2025-08-17,delivery,Veggie Pasta 19,3,2660.96,0.5,1298.64,1362.32
2025-08-17,delivery,Spicy Burger,1,4112.62,0.5,1469.86,3082.95
2025-08-17,takeaway,Deluxe Pizza,3,2635.42,0.3,882.24,1753.18
2025-08-18,takeaway,Veggie Drink 9,1,4144.39,0.0,519.5,3304.4
2025-08-18,table,Zesty Burger 22,3,3043.87,0.5,1952.52,1091.35
2025-08-18,table,Crispy Burger,1,1486.85,0.25,528.98,1147.07
2025-08-18,table,Sweet Chicken 19,3,1893.33,0.0,1002.63,890.7
2025-08-18,table,Spicy Chicken 19,3,3832.77,0.0,593.78,3238.99
2025-08-18,table,Crispy Pasta 12,1,3900.1,0.0,523.33,2867.52
2025-08-19,delivery,Deluxe Pasta 12,2,4479.98,0.0,944.14,3535.84
2025-08-19,delivery,Classic Drink,1,4002.61,0.0,1084.1,2981.76
2025-08-19,delivery,Crispy Pasta 12,2,966.22,0.25,541.27,424.95
2025-08-19,table,Herb Chicken 22,3,2749.77,0.25,418.15,2331.62
2025-08-20,table,Sweet Burger 12,3,403.9,0.0,130.86,273.04
2025-08-20,table,Classic Roll,2,1785.99,0.25,711.6,1074.39
2025-08-20,table,Spicy Chicken 19,3,1648.02,0.0,359.31,1288.71
2025-08-21,table,Deluxe Pizza 19,4,5188.97,0.0,1236.3,3952.67
2025-08-21,table,Deluxe Pizza,4,5559.27,0.0,3384.05,2175.22
2025-08-21,table,Spicy Burger 19,1,2141.39,0.0,885.38,1269.35
2025-08-21,takeaway,Deluxe Pizza,1,1182.09,0.25,199.83,1003.98
2025-08-21,delivery,Veggie Burger,3,112.25,0.25,12.56,99.69
2025-08-22,table,Herb Burger,2,6244.29,0.0,2254.79,3989.5
2025-08-22,table,Crispy Pasta 12,4,2766.79,0.0,542.69,2224.1
2025-08-22,takeaway,Veggie Burger,3,1994.16,0.25,767.81,1226.35
2025-08-22,delivery,Crispy Drink,2,3097.56,0.5,1031.06,2066.5
2025-08-22,table,Spicy Drink 22,2,2870.44,0.0,846.91,2023.53
2025-08-22,takeaway,Herb Burger 12,4,249.76,0.0,46.15,203.61
2025-08-23,table,Herb Chicken 12,2,2836.32,0.25,751.1,2085.22
2025-08-23,delivery,Spicy Sandwich 19,1,1643.46,0.0,519.05,950.91
2025-08-24,delivery,Deluxe Drink,1,617.92,0.2,79.68,602.02
2025-08-24,table,Zesty Burger,3,2939.7,0.25,429.32,2510.38
2025-08-24,delivery,Herb Drink 9,3,5599.96,0.0,1616.54,3983.42
2025-08-24,delivery,Sweet Pasta,3,2317.07,0.25,343.53,1973.54
2025-08-24,table,Sweet Roll 9,3,9114.63,0.0,421.6,8693.03
2025-08-25,table,Herb Burger,2,1599.59,0.0,322.78,1276.81
2025-08-25,table,Veggie Burger,2,2438.56,0.0,585.86,1852.7
2025-08-25,takeaway,Spicy Chicken 19,4,2103.14,0.0,1267.96,835.18
2025-08-25,table,Veggie Roll,1,1536.96,0.2,530.37,919.5
2025-08-25,table,Crispy Pasta 12,4,3666.98,0.25,611.43,3055.55
2025-08-26,delivery,Classic Pasta 19,2,1772.02,0.25,652.32,1119.7
2025-08-26,delivery,Veggie Roll,3,3487.66,0.25,476.16,3011.5
2025-08-26,takeaway,Crispy Pasta 12,3,478.26,0.25,185.79,292.47
2025-08-26,takeaway,Spicy Sandwich 19,3,2256.22,0.0,176.56,2079.66
2025-08-27,table,Spicy Burger 19,1,693.67,0.0,466.1,267.0
2025-08-27,delivery,Deluxe Pizza,1,2234.33,0.0,439.26,1477.7
2025-08-27,table,Crispy Chicken 22,1,3083.5,0.0,415.42,2509.18
2025-08-27,table,Herb Drink 9,5,1219.88,0.2,141.05,1078.83
2025-08-27,table,Spicy Burger,1,2721.6,0.25,498.11,2328.85
2025-08-27,delivery,Zesty Pasta 9,3,2150.14,0.25,681.02,1469.12
2025-08-27,table,Spicy Sandwich 19,5,3612.31,0.0,1674.13,1938.18
2025-08-28,delivery,Deluxe Pizza,1,2707.04,0.0,466.15,2622.1
2025-08-28,delivery,Classic Drink,2,2063.45,0.3,1052.55,1010.9
2025-08-28,takeaway,Classic Chicken,4,2047.91,0.25,454.48,1593.43
2025-08-28,table,Spicy Burger 19,1,2202.8,0.25,478.06,1493.0
2025-09-01,table,Herb Burger,2,1947.33,0.0,383.14,1564.19
2025-09-01,table,Herb Burger,3,544.71,0.25,75.49,469.22
2025-09-01,delivery,Spicy Burger 19,1,939.39,0.0,493.65,478.17
2025-09-01,takeaway,Zesty Pasta 9,1,1626.02,0.0,351.95,906.0
2025-09-02,delivery,Veggie Roll,1,2221.09,0.0,656.95,1250.96
2025-09-02,delivery,Veggie Dessert 9,1,197.93,0.25,104.4,75.52
2025-09-02,table,Veggie Dessert 12,1,2620.11,0.0,431.08,1982.34
2025-09-02,table,Herb Burger,2,1849.84,0.0,1207.78,642.06
2025-09-03,table,Spicy Sandwich 19,2,1160.9,0.2,343.01,817.89
2025-09-03,delivery,Veggie Drink 9,3,1219.75,0.0,286.12,933.63
2025-09-03,takeaway,Herb Burger 12,3,479.84,0.2,63.43,416.41
2025-09-03,table,Spicy Sandwich 19,1,3268.24,0.0,2521.74,647.44
2025-09-04,table,Herb Dessert 19,2,846.19,0.2,87.46,758.73
2025-09-04,takeaway,Sweet Pasta 19,3,2901.35,0.2,993.03,1908.32
2025-09-04,delivery,Herb Drink 9,1,4989.19,0.25,1614.88,2367.17
2025-09-04,delivery,Classic Pasta 22,4,81.13,0.25,18.61,62.52
2025-09-05,delivery,Herb Burger,4,1921.53,0.0,1382.16,539.37
2025-09-05,delivery,Item50,3,660.7,0.25,127.5,533.2
2025-09-05,table,Crispy Drink,1,1571.58,0.2,184.49,1544.56
2025-09-05,delivery,Zesty Burger 22,3,859.21,0.2,110.56,748.65
2025-09-05,table,Crispy Pasta 12,1,4816.19,0.0,880.92,4617.54
2025-09-06,delivery,Spicy Burger 22,2,479.27,0.0,77.23,402.04
2025-09-06,delivery,Zesty Burger 22,1,3901.72,0.0,945.29,2615.3
2025-09-06,delivery,Veggie Roll,1,2737.98,0.0,184.42,2031.7
2025-09-06,delivery,Spicy Burger,1,4082.38,0.0,989.06,3907.45
2025-09-07,table,Veggie Burger,3,3597.42,0.5,1727.75,1869.67
2025-09-07,table,Item50,5,3248.3,0.25,1175.14,2073.16
2025-09-07,table,Spicy Burger 19,1,1699.9,0.25,672.17,1274.72
2025-09-08,delivery,Item50,2,4821.41,0.25,601.24,4220.17
2025-09-08,table,Deluxe Chicken,2,2732.61,0.0,900.21,1832.4
2025-09-08,delivery,Herb Pasta 9,5,1830.7,0.25,605.51,1225.19
2025-09-08,delivery,Veggie Dessert 12,2,2952.3,0.0,596.67,2355.63
2025-09-09,table,Spicy Chicken 19,1,4150.29,0.0,1719.79,1975.52
2025-09-10,delivery,Sweet Burger 12,3,2669.79,0.0,436.98,2232.81
